0,1,2,3,4,5
-0.5586452606519665,-0.4326985460885815,0.03208733141082333,0.12790466206426482,-0.7874990531152164,-0.46937290006469207
-0.8155370974363119,-0.34514286538599004,-0.39487943951486576,-0.023367524201149986,-0.6650569268322308,-0.3980373942100959
-0.7927990938966616,-0.033735567959360196,-0.6169716533097943,-0.04420571872772866,-0.21391615605807,-0.08926181693683542
-0.5438537271622477,0.40201348007208293,-0.5342033516439335,0.04147525735330598,0.3591256781918203,0.3636027983279971
-0.22418236471562863,0.7774575078321639,-0.1978242957926365,0.1335388403018345,0.7799416581555413,0.7765767282629659
-0.009844721702998993,0.9093970159471065,0.22007718105704815,0.12152376975921686,0.8389112836718101,0.9607862694620015
-0.0066749187860064285,0.7078558077690872,0.5145936058301517,-0.04233617923650797,0.49563360118661276,0.8150547677687857
-0.19655428697616203,0.22656858625693005,0.5486291398556421,-0.30459671815612777,-0.09592331442053341,0.3787631453737189
-0.4481508368340539,-0.35450448785273375,0.3166433663134366,-0.5299544752412297,-0.6566633316687541,-0.18220269189457838
-0.5865330425863299,-0.8077239067380164,-0.05809208382699704,-0.5706701161240428,-0.9147639277110644,-0.6502911017513835
-0.4859449777023205,-0.9599885521999232,-0.38870054186452313,-0.35054171098117165,-0.7380833963791996,-0.8554205342982717
-0.13814398153442808,-0.7692915042943742,-0.5180125156325504,0.0816700539188642,-0.20178083923225013,-0.7498824898225656
0.3388799581579992,-0.3389350558768162,-0.39333273892964643,0.5604396852046053,0.44343906053899634,-0.4228476679502808
0.756593635742331,0.13638765944248554,-0.08706961497732835,0.8734931598235933,0.889154226014488,-0.04877279527762261
0.9479491883392339,0.4648907379415237,0.24435122780416524,0.8617099307850463,0.9174452963374933,0.20291694061763577
0.8491163736703212,0.5452822273447766,0.4403751219226292,0.5001467612026619,0.5079053198712664,0.2505653373248666
0.5294856297286036,0.4050298811028211,0.41421190278443953,-0.08111201609927321,-0.14932144112747928,0.13387087414397303
0.15482932729752033,0.17249635082930465,0.19088804219361102,-0.6490476411083803,-0.7422795502059296,-0.017419702508110535
-0.09747572165339724,-3.8624857100558185e-05,-0.11102286879408382,-0.9699131534040866,-0.9860848403999335,-0.06182945587940222
-0.12789785648507565,-0.020872901079403705,-0.34207889994077245,-0.9137863491749619,-0.7605106210800572,0.07056853009816602
0.03668335533678725,0.09358993838291807,-0.3960511363281761,-0.511987426641263,-0.16949580790939328,0.33431333883522096
0.25990394058197075,0.2326770561292381,-0.2586307998596866,0.05960468358053532,0.5069802141331025,0.5879353012830556
0.36945608216627435,0.2584825007409107,-0.00849841162051726,0.5626407204317156,0.9462600609409313,0.6673239067759988
0.24942307729181667,0.08976428286679572,0.2268552166708103,0.8039203799212542,0.9377383967458719,0.4754480933892029
-0.09603365198099431,-0.24283851904158787,0.33611482183726055,0.717307535551768,0.48436705798170426,0.04162074792250091
-0.5404716471074827,-0.6012240100225659,0.2768059745337615,0.3825208367424554,-0.19823694501178574,-0.4816134559747486
-0.8959003401008667,-0.8038950339946637,0.09071452855336101,-0.02486265827536996,-0.7848955451189376,-0.8844242042841534
-1.0057516597633591,-0.7182826795442165,-0.12286212280837769,-0.3242361649627915,-0.996619231737903,-0.9968829751106963
-0.8228799163584355,-0.33427973743532524,-0.25982715113090116,-0.41495672588811566,-0.7340066994081897,-0.7695125309879776
-0.4329398543781497,0.21972408157030007,-0.26210020721790667,-0.3140182250796689,-0.12416730638815676,-0.29716525370003166
-0.011267157496559196,0.7286863156800214,-0.14169172758907556,-0.130772794537813,0.5411053009302584,0.22571626293494573
0.26478413223258024,0.9869481651421175,0.03162872622972041,0.0040435211572337065,0.9456953369123917,0.5962621650499633
0.30345986512622536,0.8922335098613485,0.16985606809330933,0.014785755128599282,0.9001942647613281,0.6956408171018489
0.1416963091814722,0.491864101474154,0.2114504292954371,-0.07870600981404458,0.43105271640032616,0.5375587944440634
-0.07801868903170273,-0.04118060056369838,0.14850277449594362,-0.17787455242932232,-0.23433791978731472,0.25014583378152494
-0.18488359147018207,-0.49018621992433997,0.02449910036056857,-0.16907634780690728,-0.7783968648326128,0.002387237103101736
-0.07137105210048889,-0.6940938111571326,-0.09322205413259224,0.0018913413093558096,-0.9457486849537398,-0.0859482003271651
0.24789703143923497,-0.6159111760823599,-0.14974368766021712,0.28673258414592206,-0.6637482975241047,-0.004265824383483774
0.6403282052800228,-0.348026094221373,-0.12816557160666067,0.5490745470474497,-0.07394127049650023,0.14940264853536772
0.9207087123691436,-0.05445338200395969,-0.05260358775492924,0.6316931799117786,0.539126837292229,0.22814485571317544
0.9445579513614537,0.11837235118376388,0.03028822851006613,0.44286243704888456,0.8858821497777398,0.1229501439372559
0.6819474445582782,0.11562837553469525,0.07893717065149373,0.016163014168882328,0.8092511131095986,-0.16978858737721908
0.23411568393820198,-0.0046723793049534,0.07772361489870948,-0.4901776771640005,0.3560714179609649,-0.5365439722606014
-0.21569960386429698,-0.11272887168159493,0.04061584263827407,-0.8584010776239432,-0.2502092132988045,-0.7983869867748702
-0.4923158383822244,-0.08701335391162841,-0.002244817164370555,-0.9116651049078068,-0.7201198209162992,-0.8008590482820281
-0.5138632366997478,0.1102979427002097,-0.02520214063554785,-0.6013727901658985,-0.8371203156641693,-0.49637709789867446
-0.32906160335547785,0.40372404610277157,-0.021959480427813025,-0.037588188604641505,-0.557870836330732,0.023491579249132005
-0.08783906152232498,0.6378940757601812,-0.006240943569395863,0.5544537186302521,-0.027150091271227042,0.5637318914626492
0.03937475249048905,0.6579605963303897,0.000896200651963136,0.9328790622856301,0.4970243466200943,0.9132481430605929
-0.047812988310936666,0.39575475457890796,-0.01205354933817615,0.9467792532093091,0.7694246028117403,0.9414172903474173
-0.32585066509258165,-0.08371822668156748,-0.03746934930981241,0.6021359860433093,0.6729591690712041,0.6564935605963463
-0.6576713126792473,-0.6015339965033824,-0.05296974912574587,0.05533812819067335,0.2687851310716101,0.19749023098636553
-0.8622580490791224,-0.942844448361838,-0.03726638711461239,-0.4615013338832128,-0.24014613429909887,-0.23564502277401145
-0.8078829619908412,-0.9565099556318433,0.012671892007691865,-0.746666293993165,-0.6112007862261886,-0.4781278997023568
-0.48138419480095695,-0.627556968809219,0.0748706016089702,-0.7154840787079698,-0.6783655655222356,-0.47470255725343113
0.0020191288693654497,-0.08643560308240678,0.11191033548774001,-0.4275616764667719,-0.4266987412187318,-0.296010667820268
0.45361640774179257,0.4499731158831178,0.09269635223608279,-0.04490599209129972,0.008547425313930754,-0.09065475744270576
0.7030913972268544,0.777032886521203,0.014068625677752133,0.25469540063569407,0.41394576133478744,0.0005337069144517592
0.6808594546553207,0.7927904447758563,-0.09147953500286415,0.3638008201389037,0.6029854675460891,-0.07742945106782721
0.4491951500967214,0.53686139969623,-0.16878880215249004,0.28821000704490213,0.5022896065642011,-0.2641683722912745
0.16660121387610313,0.16058046780591767,-0.16879245871809412,0.12787278809070354,0.1789035151209068,-0.4183068400356094
0.00388936887949215,-0.1544057249871217,-0.07808341411230144,0.009785151441258938,-0.20080431471116872,-0.39755667637782877
0.05501784104012469,-0.28672198508990066,0.0679308300600662,0.011336399902285549,-0.45662845365929505,-0.14230101587431576
0.28832678702096515,-0.22923322343518931,0.19797150211883577,0.11632730220302329,-0.48051898916302627,0.281867555217217
0.5631128438093593,-0.08047389897788354,0.2397391011424402,0.22727869703591308,-0.28182368101016797,0.7064493179834873
0.7030549006925703,0.019619485163634667,0.1596045634686028,0.22668953028831665,0.026954511688524682,0.9377295925552969
0.5889068058342914,-0.025945983767263855,-0.014430133550109067,0.05296663796857454,0.29245111197191026,0.8516528186892472
0.2229602191123488,-0.21244680545214373,-0.20094998223991428,-0.2519064249475065,0.3968500161451929,0.45815921215923827
-0.2678844154056353,-0.43210631851339093,-0.3031894465116677,-0.5515449491757592,0.31023345101750405,-0.09801956491311346
-0.6923268713788195,-0.5316338030404686,-0.259157194903038,-0.6797154975650621,0.09557653722848487,-0.6015247955378834
-0.8877826677640833,-0.3987679098067718,-0.07789390205464658,-0.5286518900056855,-0.13164454392904135,-0.8644308187989642
-0.7992397782162957,-0.03198571584284682,0.15881646968110286,-0.11515754465564262,-0.2649888764802589,-0.8102127742248679
-0.5039359815129011,0.44470169212658095,0.333133920771446,0.41214893993716095,-0.25718341554984214,-0.5028401386042372
-0.16952396486277627,0.83225091193036,0.3499040896494792,0.8322933825089063,-0.13511021660487343,-0.10787113737420051
0.03274862543243379,0.9492026516619871,0.18813467992531346,0.9520706900464917,0.023981505069578024,0.1935206421576946
0.015453441374393584,0.720968818916544,-0.08243611000999163,0.699063687010564,0.13847131697499407,0.29346542511446383
-0.1816099818971456,0.22090363066708563,-0.3308918908348622,0.16155699015679845,0.16420874645925906,0.20450436701811125
-0.41406659176586835,-0.35840510062672515,-0.4285732204429126,-0.4457962185526294,0.11076520150112386,0.04222044717170312
-0.5099445891166201,-0.7907407941744616,-0.3156131227636879,-0.8758490477323685,0.02656453791588126,-0.04585106749925183
-0.36145635919069113,-0.9176441528430599,-0.0362058277435446,-0.9585889462708608,-0.03512884674930507,0.03332869481856615
0.015549133945325144,-0.7166925773483179,0.2776108882342073,-0.6749100045271496,-0.04791822582253988,0.2625287949916277
0.48513163522985736,-0.30437959950955573,0.4683674825753439,-0.16029553282948683,-0.02350786373859534,0.5190389967371551
0.8563379924904007,0.12614327210458726,0.4322597838326595,0.3618759773753834,0.002286963045223217,0.6382710194283825
0.9769364611423615,0.4001282359267561,0.17516221499179374,0.6840127852151281,-0.001911443898866133,0.5035506219376262
0.808265573855004,0.441302252565208,-0.1844585636158439,0.704782251906006,-0.03902129446754973,0.1152854147033045
0.44322517429381736,0.29793412821801935,-0.47000046904515036,0.46426853226514164,-0.079786620784539,-0.39744447133077104
0.05836243987872895,0.10419711450875616,-0.5335887677556328,0.11022035501719646,-0.08224409279249952,-0.8308235847048014
-0.1754633956177075,-0.00062708261192429,-0.3325536639270618,-0.18390008712669348,-0.022442264629235317,-1.0003067129040477
-0.17831690783531606,0.04861386837586268,0.043982086065396955,-0.3055324897307312,0.08335455250330488,-0.8284564360639035
0.0010156028430564276,0.20734276743567492,0.414239812477669,-0.25060281575814325,0.18069768223173951,-0.38289047126542786
0.2137235012884055,0.3479302067693811,0.5916620060402693,-0.11038345749751585,0.20494082630895055,0.15475163214470472
0.29123529100526785,0.3342433721918707,0.47898751205313594,-0.008327221231149928,0.12081236599122834,0.573588207866039
0.13577071786151274,0.10412504623416435,0.12104908843473373,-0.02345816127205974,-0.0495150298381469,0.7301314812686761
-0.22536062341087962,-0.2849107748608671,-0.31213945680347427,-0.14297989657739174,-0.22860972504519939,0.6093698161957462
-0.6497503459054288,-0.6729079332112636,-0.6061855560225269,-0.27013656455324175,-0.31912116361850806,0.32122694594547907
-0.949373573067973,-0.8712821126431894,-0.6085819690291855,-0.2829661963445372,-0.2560765854043954,0.03613858232953493
-0.9843548621213517,-0.7571378532131441,-0.30768620179322537,-0.11150719617433413,-0.04829665488830463,-0.1059457787155279
-0.7333446464221438,-0.34035365655953626,0.1564311217643233,0.20986385857830783,0.21583626060387354,-0.06601231129081897
-0.30467669515128465,0.23167716386095388,0.5571158998689237,0.546033408681996,0.4057169235215483,0.07989390650198877
0.11740575655031524,0.7360468311340711,0.6919930961834274,0.7225119606764477,0.413323702311425,0.18907892385509886
